{
  "model": "YOLOv8-Large",
  "params_M": 43.7,
  "dataset": "20K synthetic + MVTec AD",
  "test_metrics": {
    "mAP50": 0.993305704837212,
    "mAP50_95": 0.9573783390003058,
    "precision": 0.9891484454822022,
    "recall": 0.987472601055045
  },
  "model_comparison": {
    "YOLOv8-S": {
      "mAP50": 0.9910010995481219,
      "mAP50_95": 0.952533897081336,
      "precision": 0.9862057085425725,
      "recall": 0.979319858456404,
      "training_time_min": 84.18134627342224
    },
    "YOLOv8-M": {
      "mAP50": 0.9916332366784566,
      "mAP50_95": 0.9604509756300655,
      "precision": 0.9876030812608855,
      "recall": 0.9836265885583799,
      "training_time_min": 134.30960632562636
    },
    "YOLOv8-L": {
      "mAP50": 0.992249104059668,
      "mAP50_95": 0.957581220549118,
      "precision": 0.9907261122155241,
      "recall": 0.9860981773160109,
      "training_time_min": 333.8807461579641
    }
  },
  "speed_benchmark": {
    "PyTorch": {
      "mean_ms": 12.6,
      "p50_ms": 12.5,
      "p95_ms": 13.2,
      "fps": 79.2
    },
    "ONNX": {
      "mean_ms": 12.5,
      "p50_ms": 12.4,
      "p95_ms": 13.3,
      "fps": 79.9
    },
    "TensorRT-FP16": {
      "mean_ms": 4.7,
      "p50_ms": 4.6,
      "p95_ms": 4.7,
      "fps": 214.8
    }
  },
  "training_time_min": 333.8807461579641,
  "gpu": "NVIDIA A100-SXM4-80GB"
}